dep,partido,estado,voto,discurso,discurso2
Arthur Lira,PP,AL,Sim,"Sr. Presidente, Sras. e Srs. Deputados, nós, na tarde de hoje, iniciamos a votação do processo que se iniciou há pouco mais de 1 mês nesta Casa e que já ultrapassou diversas etapas, com calmarias, com disputas acirradas, com levantamentos de teses, com muita confusão e com muita política no meio da avaliação dessa denúncia. A nossa bancada, do Partido Progressista, há dias, muito antes, inclusive, da votação na Comissão de Constituição e Justiça, decidiu por fechar a questão e, na reunião em que foi tratado esse assunto, quase que por unanimidade, posicionou-se contra a denúncia prolatada pela Procuradoria-Geral da República contra o Presidente Temer.
Há dias, o Partido Progressista, inclusive muito antes da votação na Comissão de Constituição e Justiça e de Cidadania, decidiu fechar questão — o mesmo aconteceu, quase por unanimidade, na reunião em que foi tratado esse assunto — contra a denúncia prolatada pela Procuradoria-Geral da República contra o Presidente Temer.
Do início dessa discussão até hoje, este Líder viu acontecer de tudo nesta Casa. O que aconteceu no plenário desta Casa hoje, independente de quem começou e de quem terminou, é deplorável. Muitos homens e mulheres de bem se engalfinharam no centro deste plenário para nada. Não se pode decidir uma questão técnica no voto, no tapa ou no empurrão. Não adianta!
Ao longo dessas semanas, tentou-se passar a impressão de que o Governo do Presidente Michel Temer estava cooptando e comprando o apoio de Deputados em troca de emendas. Isso é uma inverdade. (Manifestação no plenário.)
Eu ouvi todos com atenção. Peço o mesmo respeito, pois não estou detratando ninguém. Nunca fiz isso! No dia seguinte à votação na Comissão de Constituição e Justiça e de Cidadania, os jornais estamparam que haviam sido liberados 134 milhões de reais para a base de apoio do Presidente Temer. As emendas impositivas teriam beneficiado 40 Deputados. 
E a mesma imprensa não fez as contas de que os 24, 25 votos da Oposição receberam 160 milhões de reais de emendas impositivas, o que significa que, voto per capita por Deputado, receberam mais do que os Deputados da Base, porque isso não é negociata. Este é o orçamento impositivo que nós votamos para proteger o Governo e proteger a Oposição da atividade parlamentar de cada Deputado nesta Casa.
Muito irrita e muito agoniza quando ouvimos determinados Líderes da Oposição de agora dizerem que este Governo usa isto, quando nós vimos, ouvimos e presenciamos isso na votação do impeachment da Presidente Dilma Rousseff, em que foi gasto mais do que o dobro de emendas empenhadas para tentar cooptar Deputados aqui neste Plenário.
Os Ministros daquela época também vieram votar como os de hoje. Quem é o Governo não cheira nem fede, tem que ter o ônus e o bônus. E quem é Oposição tem que ter o bônus da palavra, mas não pode ter a irresponsabilidade da fala sem responsabilidade.
Então, vamos colocar as coisas nos seus devidos lugares. Nós temos que cuidar da economia deste Brasil. Nós não votamos esta denúncia no final do período por absoluta falta de acordo, por absoluta falta de acordo e pelo que aconteceu com o Brasil. O Brasil sangra. Sangra internamente e sangra externamente, Deputado Luis Carlos Heinze.
Nós temos a responsabilidade de no dia de hoje chamar o feito à ordem e colocar que, no meu ponto de vista, pessoalmente, não há na denúncia que foi feita contra o Presidente Temer nenhum cunho jurídico que enseje se levar o Presidente da República a um julgamento no Supremo Tribunal Federal com todas as consequências políticas que possam advir. 
Salvo e louvo o voto do Relator do PSD, o Deputado Abi-Ackel, que na sua abertura fez referências à economia, à estabilidade política, à seriedade e àserenidade que o Brasil precisa ter neste momento para continuar crescendo e se desenvolvendo.
Minhas saudações pelo excelente voto, Deputado Abi-Ackel, pela coragem cívica de defender o que é certo e correto neste momento! Não é o momento!
E aqui nós não estamos absolutamente inocentando, nem isentando. Nós estamos dizendo que essa denúncia é frágil, que essa denúncia não tem subsídio jurídico para prosperar, nem muito menos político. O Brasil aguenta o momento de ter a possiblidade de daqui para outubro do ano que vem enfrentar duas ou três eleições, sendo diretas e indiretas. É uma irresponsabilidade nesta Casa. 
E como aqui, na sua maioria, há homens e mulheres responsáveis, que têm dedicação com a política, com a economia, com o social do Brasil, o nosso partido, o Partido Progressista, encaminha sim, a favor do relatório do Deputado Abi-Ackel, e não ao prosseguimento da ação contra o Presidente Michel Temer.
Eu queria ceder uma parte do tempo, para completar, ao Deputado Julio Lopes.
Muito obrigado, Sr. Presidente.",786
Julio Lopes,PP,RJ,Sim,"Agradeço ao meu Líder Arthur Lira e chamo todos os meus colegas Deputados e Deputadas a fazer uma reflexão neste momento.
Sr. Presidente, se fosse pela vontade popular ou pelo entendimento popular, em vez daquilo que o protocolo nos obriga a fazer, a nos tratarmos de Excelências, teríamos de nos tratar uns aos outros aqui de desprezíveis. E não o somos! Não somos desprezíveis, porque, na realidade, a criminalização da política que segue o interesse diverso ao da Nação que ocorre neste momento precisa ser estancada.
Sras. e Srs. Deputados, precisamos entender que constituímos a elite legislativa deste País e, neste momento, justamente, somos entendidos como salafrários, precários, incapazes, insubstanciais, e sabem por quê? Porque aqui nos acusamos, no caminho fácil de uma mídia rasa que retrata uma tatuagem como se importante fosse, e a própria opinião pública, e a própria Oposição, como se importante fosse, colocam essa mesma tatuagem como se discurso fosse. Não o é.
O que tem a Nação é urgência, e urgência de trabalho árduo e farto no sentido de se recuperar, no sentido de se reconstituir o emprego, a força motriz da economia e dos valores nacionais.
Estamos aqui, Sras. Deputadas e Srs. Deputados, para reerguer os valores nacionais. É lamentável que se trate o Presidente Lula como aqui fizemos há pouco, porque é ele uma das maiores biografias do País. Não importa se ele seráou não culpado, não importa quantos processos venha ele a responder: isso inibe a atividade política e anestesia o povo.
O povo não está tão contrário ao Presidente Temer. O povo está é anestesiado, o povo está é enojado daqueles que eles consideram, neste momento, desprezíveis. Mas não o somos.
Somos Excelências de um processo que a Nação viu e fez fazer, porque se constituiu hábito se aceitar uma Nação com uma informalidade quase tão grande quanto sua formalidade, que tem 47% dos seus trabalhadores na informalidade; que tem uma economia do tamanho da Argentina que não paga impostos, que não recolhe tributos; em que, na verdade, metade dos seus trabalhadores não tem Previdência ou proteção das leis trabalhistas.
Nós temos, sim, é que reconstituir o Brasil, nos darmos ao respeito, nos tratarmos com mais respeito — seja o Presidente Lula, seja o Presidente Temer. E vocês da oposição sabem, o Brasil e a Nação sabe que não éporque se liberou recursos, não é porque os Ministros estão neste Plenário votando que aqui não se permite tirar a continuidade do processo; é porque, se antes o permitíssemos, o faríamos no sentido de penalizar alguém que não está com culpa provada, cujos indícios são apenas indícios e não provas. E para se condenar alguém é necessário que se tenha provas.
O Presidente deve, sim, concluir seu mandato, para responder por seus atos tão logo deixe a Presidência da República. E é isso que quer a Nação. A Nação quer progresso hoje e amanhã de manhã. A Nação quer trabalho amanhã. E, por isso, ela quer não este ou aquele Presidente, mas que o País funcione. Ela não se importa se ele se chama Lula ou Temer; ela quer funcionalidade, operacionalidade, e voto e ação daqueles que estão no Executivo — no Parlamento hoje, mas que devem retornar às suas funções para reconstruir o Brasil.
É imposto a nós, Sras. e Srs. Deputados, Excelências, retomarmos a dignidade de nossos postos, nos tratando uns aos outros com mais respeito, tratando a biografia daqueles que nos antecederam com mais respeito; tratando, portanto, cada cidadão e cidadã que nos assiste com mais dignidade e respeito, porque é isso que eles querem de nós.
Eles não querem abreviar o mandato presidencial. Eles querem éfuncionalidade no País. É exatamente por isso que o processo contra o Presidente não seguirá. Não é porque se liberou verbas ou se trouxe os Ministros aqui, é porque a nação quer funcionar, quer progredir, quer se desenvolver, quer que haja um Brasil de amanhã, com café-da-manhã farto, com almoço possível e com a esperança renovada.
Votem de acordo com as consciências de V.Exas.!",669
Baleia Rossi,PMDB,SP,Sim,"Sr. Presidente, quero ressaltar que hoje nós não vamos inocentar ou culpar o Presidente Michel Temer.
O que nós vamos votar aqui é se é razoável para o nosso País afastar o Presidente por 6 meses. No dia 1º de janeiro de 2019, na justiça, o Presidente vai mostrar a sua inocência porque não há provas contra ele. Éo que diz o relatório da Comissão de Constituição e Justiça e de Cidadania.
Para o País, para a nossa economia, para a retomada do crescimento não é bom, neste momento, afastar o nosso Presidente e dar um caos na nossa economia e na estabilidade política.
Por isso, o PMDB encaminha ""sim"" ao relatório.",112
Carlos Zarattini,PT,SP,Não,"Sr. Presidente, o PT jádiscutiu bastante o seu posicionamento. Decidiu por maioria absoluta do Diretório e da bancada, por unanimidade, fazer a indicação do voto: não ao relatório e não a Temer. 
Nós queremos dizer a todos os Deputados que a Câmara deve cumprir o seu papel de reconhecer que há, sim, elementos fortíssimos, provas fortíssimas contra Michel Temer e que ele deve ser afastado para que se encerre o caos em que se tornou a administração pública brasileira. Um caos em que estamos vendo o total desequilíbrio fiscal, a total falência dos serviços e a parada dos avanços e do desenvolvimento econômico. ",103
Ricardo Tripoli,PSDB,SP,Sim," Sr. Presidente, Sras. e Srs. Deputados, inicialmente, eu gostaria de justificar que o Deputado Eduardo Barbosa perdeu a sua esposa na últimasegunda-feira em um acidente horrível ocorrido em Pará de Minas, Minas Gerais, e me pediu que, no início da minha fala, registrasse, primeiro, a sua ausência e, segundo, que se aqui estivesse votaria pela admissibilidade dessa matéria. 
Lamentamos o ocorrido, em nome da bancada do PSDB, e tenho certeza que em nome dos demais Deputados aqui. 
Nossas condolências à família do nosso querido e estimado amigo Eduardo Barbosa. 
Sr. Presidente, há muitos interesses políticos em jogo nesta tarde. Há aqueles que desejam a destituição do Presidente e a queda do Governo, alimentada somente pelo revanchismo inconsequente e pela sede de vingança. Não pensam no Brasil, nos brasileiros. No lado oposto, háos que defendem a continuidade do Governo, acima de tudo e a qualquer preço, cerceando o direito do brasileiro de conhecer a verdade dos fatos, seja ela qual for.
Entre as disputas partidárias, há o cidadão brasileiro, que não aguenta mais o acirramento político estéreo, enquanto o País afunda, as contas públicas se agravam e o desemprego assola as famílias. 
Com tanto escândalo e denúncia, o cidadão está exausto, desesperançado e descrente do País. E ele não quer saber se se trata de político A, B ou C, mas deseja somente que o Brasil seja passado a limpo, reencontrando o caminho da paz e da prosperidade. 
O Partido da Social Democracia Brasileira, Sr. Presidente, não tem interesse no fracasso do Governo como quer o PT e seus aliados. O PSDB, Srs. Deputados, não trabalha pela ruína do País, porque quem sofre as consequências da irresponsabilidade, da incompetência e da governança predatória são sempre os mais frágeis, os mais pobres, os que mais precisam do Estado. 
Nosso apoio ao Governo sempre esteve condicionado à agenda de reformas, e assim será. Com todas as nossas diferenças com o Governo, o PSDB não faltou ao Brasil quando o assunto é a modernização do País e a recuperação da economia. 
Na PEC do teto dos gastos, na reforma do ensino médio e na reforma trabalhista, o nosso comprometimento foi maior do que o do próprio partido do Governo, o PMDB, e as votações em plenário provam isso. Eu não tenho nenhuma dúvida de que assim será na reforma política, na tributária e na da Previdência.
O nosso posicionamento não estácondicionado ao aparelhamento do Estado, à liberação de emendas ou a qualquer benesses palacianas, mas, sim, à construção de um novo caminho para o Brasil, à disciplina fiscal, ao fim dos privilégios, à retomada do emprego e à abertura de mais oportunidade para os brasileiros. Em suma, Sr. Presidente, não se podem nos acusar de falta de compromisso com o Brasil.
Mas fora da agenda de reformas, fora dos projetos para o País, a bancada do Partido da Social Democracia Brasileira já deu inúmeras demonstrações de sua independência. Nas questões éticas, a nossa posição tem sido a mesma para adversários e aliados: que tudo seja investigado e esclarecido, respeitando-se o direito de defesa.
Nós não compactuamos com desvios, nem compactuamos com condenações sumárias. Na Comissão de Constituição e Justiça e de Cidadania, por exemplo, confiamos no julgamento dos nossos Parlamentares e não cedemos às pressões pela troca de Deputados, e a maioria da nossa bancada votou livremente pela abertura da investigação. Não porque desejamos a destituição do Presidente, não porque o partido tem a ganhar politicamente com a instabilidade do País, mas porque os brasileiros estão cansados de tanta suspeita sobre seus representantes. 
E não permitir que os indícios sequer sejam investigados — e aqui falo por mim e por parte expressiva do da bancada tucana — é um desserviço ao País.
Blindar a Presidência da República nas investigações só contribui para aumentar a descrença na política e para desmoralizar o Parlamento.
Aqui faço uma consideração ao meu amigo pessoal, o colega Paulo Abi-Ackel, a quem estimo e respeito, mas cujo parecer não representa o partido nem foi respaldado previamente pelos colegas. Embora o relatório do nosso estimado Deputado vá no sentido contrário da abertura da investigação, é preciso ressaltar: este Plenário não julga mérito, não emite sentença, mas, sim e tão somente, resume-se ao juízo da admissibilidade.
É preciso lembrar que o Presidente não negou o encontro ocorrido ou o teor do que foi gravado. E o que veio a público, infelizmente, é, sim, no mínimo, impróprio. Portanto, Srs. Deputados, há requisitos não para a condenação sumária, mas para que a Câmara autorize a abertura de uma investigação.
Não houve e não haverá fechamento de questão no nosso partido, mas, como na Comissão de Constituição e Justiça, os Deputados poderão, de acordo com a sua conveniência, proceder ao seu voto.
E, por esse motivo, como Líder do PSDB, é que eu vou orientar o voto da bancada pela admissibilidade da denúncia, para que votem não.
Há quase 40 anos, Sr. Presidente, nesta mesma tribuna, o grande Mário Covas, pelas mãos daquele por que tive a honra de me lançar à vida pública, proferiu um dos discursos mais marcantes que esta Casa já testemunhou.
Às vésperas do Ato Institucional nº 5, Mário Covas proferiu talvez o mais poderoso libelo em defesa da liberdade e da independência do Parlamento. Ao final, sentenciou, para os Anais da história desta Casa: Desejo morrer réu do crime da boa-fé antes que portador do pecado da desconfiança.
Os tempos são outros, Srs. Deputados, os desafios são outros. Não estão ameaçadas a liberdade e a democracia, nem são mais os nossos principais inimigos a força bruta e o arbítrio, mas sim a descrença das instituições, a desesperança da política, a desconfiança dos homens públicos e do Parlamento e o desprezo pela lei.
Aos meus colegas, amigos, parceiros de bancada, como Líder do Partido da Social Democracia Brasileira, asseguro que aquilo que nos une é bem maior do que as matérias sobre as quais divergimos. Vencida essa questão, estaremos todos juntos — como sempre, com responsabilidade e desassombro — em prol do Brasil.
Muito obrigado, Sr. Presidente, Sras. Deputadas, Srs. Deputados. ",1006
José Rocha,PR,BA,Sim,"Sr. Presidente, Sras. e Srs. Deputados, eu convido a todos para uma reflexão. 
Nós não podemos transformar este plenário num ringue de lutas corporais. Este plenário tem que ser um ringe de luta de ideias. Foi para isso que o povo brasileiro aqui nos colocou. Ele espera que nós enfrentemos a luta de ideias e que vença aquele que for beneficiário do convencimento.
Sr. Presidente, eu solicito a V.Exa. que convoque todos os Líderes partidários desta Casa, para que possamos elaborar um código de procedimentos de ética. E aquele que infringir esse código deve ser penalizado pelo Conselho de Ética.
É lamentável que cenas como essas que, aqui, hoje, presenciamos sejam vistas não só em todo o Brasil, mas também mundo afora.
Sr. Presidente, Sras. e Srs. Deputados, num ambiente marcado pela gravidade de uma crise política estimulada por interesses inconfessáveis, vivemos um dia histórico, que exige serenidade, espírito público e a mais elevada responsabilidade desta Casa. Somos chamados a uma responsabilidade que vai além do silêncio que abriga a chamada zona de conforto.
A Constituição da República e o Regimento Interno da Câmara dos Deputados exigem a nossa análise sobre o parecer aprovado na Comissão de Constituição e Justiça, isso porque, Sras. e Srs. Deputados, uma hedionda cortina de fumaça estimula a ordem passional de valores que, em última análise, prejudica a visão de gente bem-intencionada, em desfavor do Brasil e da recuperação da atividade econômica.
O que está em jogo aqui, Sr. Presidente, é o encaminhamento de uma decisão que sela o destino de um esforço nacional pela reconstrução de um ciclo virtuoso para a vida brasileira.
Sras. e Srs. Deputados, a realização de um mutirão nacional pela restauração de um ambiente de prosperidade não está subordinado a um regime de preferencias ideológicas ou a caprichos da politicagem. Nenhum país que busca a prosperidade pode virar as costas ou dar de ombros para o pré-requisito da estabilidade institucional e da segurança jurídica.
A simples vontade manifesta, de quem quer que seja, não é capaz de produzir progresso e desenvolvimento. É preciso atitude e compromisso, sobretudo no que diz à criação das condições necessárias para o desenvolvimento de um país.
Uma vez reconhecida e demonstrada a verdadeira natureza do dilema expresso no voto deste Plenário na data de hoje, Sras. e Srs. Deputados, a liberdade de consciência reivindica da representação popular a responsabilidade de um voto que tenha o alcance de sua repercussão para a vida brasileira.
Ressalvados os casos do voluntarismo orientado pela cegueira passional, o exame isento das circunstâncias reivindica uma seriedade capaz de patrocinar uma posição indisposta à interrupção de uma escalada de números favoráveis, sobretudo para a economia de nosso País.
Reiterado o compromisso com o Brasil, cada um de nós tem o dever de reconhecer que a eventual fuga de tais pressupostos, Sr. Presidente, implicaria no reconhecimento de uma atitude política orientada pelo açodamento intransigente. Um estado de coisas cuja conduta traduz uma atitude política destituída de maturidade plena e senso de obrigação.
Sr. Presidente, Sras. e Srs. Deputados, a prática é o critério da verdade. Por conseguinte, não consta de nossas aspirações a defesa de posição que se oponha à abertura de investigação ou processo contra quem quer que seja, ainda que diga respeito a um nome que conste do registro de uma chapa eleita com a maioria dos votos do povo brasileiro.
O Partido da República, Sr. Presidente, como sempre, defende e defenderá a ampla apuração dos fatos e o pleno contraditório. Mas respeitando o critério do tempo certo e apropriado, sem prejuízo do interesse público futuro ou imediato.
Até porque, Sras. e Srs. Deputados, imune aos eventuais efeitos de lógicas prescritivas ou lenientes, a opção deletéria do afastamento do Presidente Michel Temer implica no pagamento de um tributo que compromete a governabilidade, lança o País numa nociva rotina de trocas presidenciais, além de aprofundar a crise econômica e ratificar a curva de uma conturbação institucional indesejável. 
Portanto, a opção pelo voto favorável ao laborioso Relatório que trouxe a assinatura de um jurista do quilate do Deputado Abi-Ackel será a melhor tradução do binômio que reúne reponsabilidade e coerência numa sóatitude. 
Se não fosse pela nossa disposição em rejeitar uma eventual miopia conjuntural para preservar o propósito da retomada do crescimento, o voto contra o afastamento do Presidente Michel Temer expressará as razões do reconhecimento àautoridade do Poder Legislativo na forma do respeito a uma decisão incontestável da Comissão de Constituição e Justiça desta Casa de leis. 
Está claro que no mundo político real sempre serve de senha aos mais cáusticos o eventual abalo dos índices de aprovação de um governo. ",769
Marcos Montes,PSD,MG,Sim,"Caro Presidente, gostaria que V.Exa. acrescentasse o tempo de Líder também à nossa orientação. 
Sras. e Srs. Deputados, caros amigos, Deputados do PSD, fraternos amigos do PSD, cara Deputada Raquel, do PSD, é um prazer, uma honra e, ao mesmo tempo, uma responsabilidade muito grande hoje de estar aqui representando esse partido coeso,esse partido amigo, esse partido leal. Essa responsabilidade que vocês me confiaram hoje alcança um patamar que realmente eu não esperava um dia viver na minha vida. 
Começo rapidamente a minha pequena palavra, relembrando de algum tempo para trás, de há 2 meses, uma frase que para mim se tornou marca nessa minha vida pública, quando o decano Celso de Mello disse, com muita clareza, quando nós jávivíamos este momento conturbado do Brasil, o decano Celso de Mello disse algo que me marcou profundamente, e tenho certeza de que marcará a todos nós, se nos debruçarmos sobre essa sua afirmativa. E ele dizia: O Brasil estáentre o passado e o futuro. São palavras sábias, de um homem sábio.
Celso de Mello, deslumbrando um passado que ele viveu, mas acreditando também num futuro que este Brasil pode nos propiciar, disse, com muita clareza, de dentro da sua veste e de dentro daquela história da sua vida: O Brasil estáentre o passado e o futuro. 
São palavras sábias de um homem sábio. Celso de Mello, deslumbrando um passado que ele viveu, mas acreditando também num futuro que este Brasil pode nos propiciar, disse, com muita clareza, de dentro da sua veste e de dentro daquela história de sua vida: O Brasil está entre o passado e o futuro. E o PSD acredita no futuro do Brasil. 
E é por isso que, reunidos entre nós, resolvemos, quase em sua unanimidade, fazer com que essa investigação não tivesse a sua conclusão, ela não prosseguisse. Se nós queremos um futuro promissor, o futuro em que o PSD acredita, nós temos que ir limpando o passado. E nós já avançamos no passado, já entramos em algumas situações que o Brasil inteiro pôde perceber que esta Casa, apesar de todas as conturbações, apesar de todos os momentos aflitivos que aqui vivemos, nós avançamos nas nossas questões técnicas desta Casa, principalmente agora, recentemente, nos avanços importantes que historicamente este País nunca viveu, a exemplo do caso da reforma trabalhista, a exemplo, Deputado Thiago, da reforma do ensino médio, que V.Exa. conduziu tão bem. Tantas mudanças que este Brasil viveu, olhando um futuro com que todos nós sonhamos. 
E o PSD, junto com todos esses propósitos, se segura na bandeira de um Brasil forte e um Brasil que possa realmente ser o futuro dos nossos filhos. E, para nós alcançarmos esse futuro, foi necessário que a população fosse às ruas, para pedir também algumas situações que às vezes nos colocaram numa situação difícil de resolver. Mas nós tivemos a magnitude de poder votar, claro, perdemos algumas vezes, claro, nos confrontamos alguma vezcom a sociedade, mas enfrentamos, e pensamos num Brasil que todos nós queremos!
Mas se não fosse a sociedade que viesse às ruas nós provavelmente não teríamos caminhado nesse passado, em busca do futuro. E para chegarmos a esse futuro, sem dúvida alguma, nós precisamos fazer com que este momento seja um momento em que se olhe de uma maneira muito mais madura, muito mais serena do que nossas brigas partidárias. As nossas brigas partidárias, corretas que são, precisam ser colocadas de lado num momento em que o Brasil precisa de nós, buscando, sem dúvida alguma, esse apelo da sociedade. A sociedade que hoje está dividida: ela está olhando o Brasil de uma forma diferente.
E para nós alcançarmos o futuro precisamos distinguir dois pontos, duas hastes, duas bandeiras. A primeira, principalmente, é a bandeira da ética, a bandeira da moral. Nós precisamos limpar a sujeira deste País.
Nas ruas a sociedade ajudou, a Justiça vem ajudando, e nós iremos caminhar celeremente para que o Brasil olhe um passado nervoso, um passado negro, um passado em que pudemos nos envergonhar.
Por isso nós, agora, nessa bandeira ética, precisamos de levantar o nosso outro pilar: o crescimento econômico.
Essa denúncia apresentada aqui e o nosso partido, todo junto, a viu como inconsistente. Só o Presidente da República, só ele, tem a prerrogativa de que as suas denúncias sejam autorizadas por estas Casasrepresentativas. Hoje, nem mais o Governador pode, porque já nós vimos a decisão do Supremo Tribunal Federal. Mas o Presidente da República tem essa prerrogativa. Se S.Exa. tem essa prerrogativa não é qualquer denúncia que pode ser levada em frente, criando um desencontro e uma desestabilização do outro ponto, que é a economia do nosso País, que se vem desenvolvendo, devagar — é claro —, mas vem encontrando o rumo que todos nós queremos.
Por isso, se nós, do PSD, podemos dar uma contribuição a este País, nós estaremos dando com muita sobriedade, com muita maturidade, independentemente das nossas posições com o Governo Michel Temer, nós estaremos tendo uma posição com a Presidência da República e com o Brasil que nós queremos.
Por isso, hoje, aqui, nós iremos, todos nós do PSD ou uma grande maioria do PSD, refugar, votar pelo relatório do Deputado Paulo Abi-Ackel, porque acreditamos que qualquer temor, qualquer tremor aqui neste Congresso se refletirá na sociedade, e esse crescimento econômico não se sustentará mais. 
Por isso, amigos e amigas, nessa questão da ética, nós queremos mostrar a todos que nós também somos frontalmente favoráveis a que essas investigações, se um dia vierem acontecer, e elas acontecerão, sejam feitas no momento oportuno e também nos foros oportunos. Se o Presidente Temer tem algo a pagar, pagaráquando deixar a Presidência. Se deixar a Presidência agora, ele não será punido; quem será punido será o Brasil, que não encontraráa retomada do crescimento. 
Portanto, com muita decisão, com muita convicção, nós do PSD encaminharemos sim ao relatório do Deputado Paulo Abi-Ackel. 
Que Deus nos abençoe!",978
Tereza Cristina,PSB,MS,Não,"Sr. Presidente, Sras. e Srs. Deputados, nós do PSB, apesar das nossas divergências nas votações importantes, eu como Líder deste partido que muito me orgulha, meus colegas que me colocaram nesta Liderança, eu gostaria de dizer que o Partido Socialista Brasileiro, reunido lá atrás, em 20 de maio, entendeu em sua maioria que deveria acolher a denúncia contra o Exmo. Sr. Presidência da República.
Lembro que anteriormente o PSB já havia manifestado sua posição ao solicitar a renúncia do Presidente como forma de acelerar a solução da crise de governabilidade. Havia decidido ainda apoiar a PEC que contemplava a realização das eleições diretas e subscreveu um documento que foi encaminhado à Comissão das Diretas Já.
Eu gostaria de ter o tempo de liderança, Sr. Presidente.
Hoje a bancada, em sua maioria, decidiu pela autorização da apuração das denúncias por parte do Supremo Tribunal Federal.
Diante do exposto e na qualidade de Líder da bancada socialista nesta Casa, oriento a votação do meu partido, o PSB, contra o parecer do Relator e pelo acolhimento das denúncias, ainda que reconheça a manifestação de Deputados da bancada do PSB que votarão de acordo com as suas convicções pessoais.
Eu gostaria aqui de dar o meu voto. O PSB votará não, mas eu votarei sim pelo não acolhimento da denúncia do Presidente Temer.
Muito obrigada.",221
Efraim Filho,DEM,PB,Sim," Sr. Presidente Rodrigo Maia, liderar o Democratas é uma honra. É o partido de V.Exa., que preside esta Casa no momento da difícil tarefa de conduzir os destinos do País, e de conduzir, Sr. Presidente Rodrigo Maia, com lealdade e coerência. Repito e enfatizo: com lealdade e coerência, como são marcas registradas da conduta de V.Exa. nesta Casa.
A sua serenidade na tomada de decisões, a sua capacidade de diálogo honrou ao Democratas, honrou a esta Casa porque não se afastou 1 milímetro do papel institucional que a Constituição lhe coloca neste momento, preservando-se na distância necessária para que pudesse transmitir à sociedade a importância do significado e o simbolismo desse momento.
Então, em nome de toda a bancada do Democratas, que nos escuta neste momento, não poderia deixar de iniciar essa fala fazendo referência, repito, à sua lealdade e à sua correção em todos os momentos na condução dos trabalhos da Presidência.
O momento é delicado. E encerrar esse momento de tempos difíceis que vivemos nestes últimos meses não significa dizer que estaremos fechando os olhos para a crise.
Não! Essa votação hoje significa exatamente o contrário. Ela significa dizer que mais do que nunca teremos a responsabilidade de olhar a crise frente a frente. A crise política, a crise social, a crise econômica mais do que nunca passam o recado às instituições que não éhora de parar de trabalhar, que não é hora de paralisar o País, que não é hora de deixar este País sangrando. Muito pelo contrário. 
O recado que o encerramento desta votação hoje dará ao Congresso Nacional, em especial, e ao País é de que as instituições têm que continuar a trabalhar porque o nosso compromisso não é com nomes, não écom partidos. O Brasil é maior do que isso. O povo brasileiro espera que esta Câmara dos Deputados chame para si a responsabilidade de continuar a tocar a agenda do Brasil, a agenda da Nação. Uma agenda que fale de um País que precisa e merece voltar a crescer, reencontrar o rumo do desenvolvimento, especialmente recuperar os empregos perdidos. 
Nós nos deparamos na votação de hoje com uma denúncia que traz uma narrativa grave, mas desacompanhada de evidências que sejam capazes de ampará-la. Ao ter a humilde obediência ao princípio da legalidade de acompanhar o voto do Deputado Paulo Abi-Ackel do PSDB, Relator da proposta, nós teremos a oportunidade de dar espaço e reconhecimento às análises técnicas que ele fez.
De um lado, existem os argumentos da denúncia; de outro, existem os elementos da defesa. 
O Democratas não fechou questão e saberá respeitar as divergências que, porventura, aconteçam, mas orienta o voto sim, a favor do relatório do Deputado Paulo Abi-Ackel, Sr. Presidente.",450
Jovair Arantes,PTB,GO,Sim,"Sr. Presidente, eu também gostaria que fosse acrescentado o tempo de Líder.
Eu me dirijo a esta Casa em nome da bancada do meu partido, o PTB. Nós estamos diante de uma votação que não agrada a nenhum dos Srs. Deputados, com certeza, como não agradou quando viemos a esta mesma tribuna relatar o impeachment da Presidente Dilma.
Não nos agrada e não nos satisfaz esse tipo de comportamento ou esse tipo de voto, mas aqui é o Parlamento brasileiro, é o lugar de se discutirem as questões políticas.
Nessa questão do Presidente Michel Temer, a decisão que temos que tomar é política. A decisão jurídica vai ser tratada na instância adequada. É necessário dizer que o nosso voto é pela política nacional. A forma como estão tratando os políticos no Brasil não convém à política e à democracia. O Brasil precisa ter uma política respeitada. Muita gente pode dizer: Mas vocês também não respeitam o povo. É verdade. Nós temos que mudar muitas condutas na política.
Nós temos que encaminhar de tal sorte que o País possa respeitar o Parlamento, que é a Casa que sustenta a democracia no Brasil. Durante os problemas que ocorreram no Brasil há muitos anos e mais recentemente, quem segurou o processo democrático e de liberdade do povo brasileiro foi este Parlamento.
Por essa razão, nosso partido se reuniu e decidiu votar pela aprovação do relatório que o PSDB produziu na Comissão de Constituição e Justiça, por intermédio de um dos membros, o DeputadoPaulo Abi-Ackel.
Aliás, parabéns pelo belo relatório e pela importância que esse relatório tem!
Então, o nosso partido, o PTB, vai votar pela aprovação do relatório do PSDB do Deputado Abi-Ackel. É este o nosso voto, Sr. Presidente. O nosso voto é sim.",263
Cleber Verde,PRB,MA,Sim,"Sr. Presidente, venho aqui nesta tarde falar em nome do PRB, das Deputadas e dos Deputados comprometidos com este País, que têm compromisso com a Nação, que busca o desenvolvimento e, ao mesmo tempo, a diminuição desse quadro negativo, de desemprego, por todo o País.
Quero registrar que no Direito Penal não existe culpa presumida. É necessário demonstrar com clareza o nexo causal entre a conduta do agente e o evento lesivo para desencadear uma ação penal.
Recentemente, todos nós acompanhamos o caso do Sr. Sérgio Machado, em que a Polícia Federal concluiu o inquérito e não constatou nada de relevante sobre a delação dele.
O fato é que aquele cidadão teve homologado pelo Ministério Público o prêmio da delação, sem que nada pudesse ser comprovado.
Portanto, faz-se necessário registrar, Sr. Presidente, Sras. Deputadas, Srs. Deputados, que nós estamos neste momento decidindo sobre estas denúncias que aqui chegaram e que há o relatório que foi aprovado na CCJ. Ao aprovarmos, nós vamos estar afastando sim a possibilidade de tirar o Presidente Michel Temer, que vem conduzindo a política deste País no rumo que nós queremos, na política de desenvolvimento, que permite sim a perspectiva de oportunidades, de geração de empregos e, acima de tudo, de desenvolvimento da nossa economia.
Eu quero registrar que o PRB decidiu questão e vai votar a favor do parecer do Deputado Paulo Abi-Ackel, por entender que é justiça que se faz, acima de tudo, não só com o Presidente, mas com este País, que está trilhando e buscando o caminho do desenvolvimento.
O PRB, Sr. Presidente, encaminha sim ao parecer do Deputado Paulo Abi-Ackel.",269
André Figueiredo - Weverton Rocha,PDT,CE - MA,Não,"Sr. Presidente, Sras. e Srs. Deputados, um momento extremamente difícil, mais uma vez, esta Casa passa, mas é surpreendente vermos a crise de amnésia que se abate sobre alguns Parlamentares da, hoje, base do Governo.
O PP, o PTB, o PR, o PSD, o PRB, cada um tinha um Ministro no Governo da Presidenta Dilma, e o PMDB tinha seis. E a culpa de problemas que aconteceram é apenas dos partidos que hoje estão na oposição?
Henrique Meirelles, hoje salvador da pátria na política econômica, foi, nos últimos 4 anos, o presidente da controladora da J&F, que é justamente quem controla o Grupo JBS, os quais hoje são chamados de bandidos por alguns do apoiadores do atual Governo.
Nós do PDT poderíamos elencar inúmeros motivos pelos quais somos oposição hoje: retirada de direitos dos trabalhadores, milhões de brasileiros voltando à condição de miseráveis, a dívida pública que só aumenta. Mas não. Hoje é um julgamento político, éum julgamento, pura e simplesmente, da análise, que pode fazer com que o Supremo analise ou não a denúncia contra Temer que a PGR encaminhou.
O Brasil está sangrando. Infelizmente, é verdade. Mas eu nunca vi estancar perda de sangue deixando carrapatos em cima dela. ",201
Genecias Noronha,SD,CE,Sim,"Sr. Presidente, Sras. e Srs. Deputados, tenho assistido hoje a discursos de toda natureza. Tenho observado os ataques de alguns Deputados, principalmente da Oposição, que reclamam e atacam os que são da base do Governo por terem feito negociatas, terem se vendido por emendas, o que não é verdade. E atacam sem discriminação todos os Parlamentares desta Casa.
Isso não é verdade. Das emendas empenhadas até agora, de todos os valores a que nós Deputados temos direito, só foram empenhados43%. Portanto, ainda temos 57% de emendas para serem empenhadas. E vejam que já se passaram 7 meses deste ano. O empenho aconteceu proporcionalmente para todos, de forma igual.
Tenho um colega Deputado do PT do Ceará, por exemplo, que empenhou mais de 10 milhões de reais. E ele está certo. Tem que empenhar mesmo. É um direito nosso. As emendas são impositivas. Nós aprovamos essa lei, esse direito, para ser nosso, dos Parlamentares. E foi no Governo Dilma, no Governo anterior, que nós ganhamos esse direito das emendas impositivas.
Nós precisamos sim discutir o Brasil. E o povo brasileiro precisa da estabilidade econômica e política para que possa ter os empregos de volta. E foi no Governo Temer que, nos meses de março, abril e maio, o País ganhou mais de 100 mil empregos com carteira assinada; sem contar que controlou a inflação, que era de quase 11%, e a trouxe para menos de 4%;sem contar a taxa de juro, que era de quase 15% e hoje está na casa de 9%; sem contar o saldo da balança comercial, porque hoje são bilhões de dólares que entram no nosso País para assim gerar mais empregos.
Não podemos perder a oportunidade de trazer o País de volta. E é Temer que está trazendo. Isso é verdade. Pegou um País atolado na crise econômica, na crise política e na crise ética. E é ele que tem trazido de volta para o País o crescimento econômico.
Nós Deputados temos que ter a responsabilidade de ajudar aqueles que estão nas ruas a conseguirem de novo seus empregos.
Aqui eu escuto Deputados que dizem: O povo está lhes assistindo pela televisão. Sim, é bom que nos assistam mesmo e vejam quem são aqueles que querem o quanto pior, melhor, vejam também quem são aqueles que queremo emprego de volta para o povo brasileiro.
Por isso, Sr. Presidente, Srs. Deputados, diante de uma denúncia frágil, e para termos o emprego do povo brasileiro de volta, o Solidariedade encaminha sim ao relatório do nobre Relator, o Deputado Abi-Ackel.",421
Luciana Santos,PCDOB,PE,Não,"Sr. Presidente, Srs. Deputados, neste momento histórico, em que pela primeira vez a Procuradoria da República faz uma denúncia de crime de corrupção passiva contra um Presidente da República, o PCdoB vem aqui dizer que, para além desse possível crime comum, que precisa ser investigado, nossa posição é de afirmar que há crimes cometidos por este ilegítimo Governo Temer que são muito graves também. São exatamente os crimes contra a Pátria brasileira.
Há o crime que retira a possibilidade de o ativo do pré-sal financiar a educação e a saúde em nosso País. Há crime cometido contra o segundo maior banco de fomento do mundo para retomar o crescimento da economia.  Vou concluir, Sr. Presidente.
É por isso que, para além do congelamento de 20 anos da saúde e da educação, o Governo diz que não tem recursos para o custeio de escolas, de universidades e para a segurança pública,por causa da herança. Mas ele não diz que, na verdade, aqui está demonstrado que não faltou dinheiro para poder garantir a anistia dos grandes devedores deste País. Não faltou dinheiro para liberar emendas para os Parlamentares, para livrar a sua pele.
É por isso que nós dizemos não ao relatório e sim à investigação.
Fora, Temer!",411
Andre Moura,PSC,SE,Sim,"Sr. Presidente, eu gostaria de agregar ao tempo de encaminhamento de liderança do PSC. 
Sr. Presidente, primeiramente, quero cumprimentar a V.Exa. e a todas as Sras. e Srs. Deputados, que, tenho certeza, de forma responsável, daqui a pouco, darão o seu voto.
Quero dizer que, no dia de hoje, estamos a virar a página desta denúncia injusta, vazia e sem sustentação jurídica. Não tenho dúvida de que este momento é, acima de tudo, de quem tem responsabilidade com a Nação. Este é o momento da reconstrução de um Brasil que todos nós sonhamos. É um momento crucial, decisivo para nossa Nação.
Nós estamos aqui entre o passado e o futuro. Nós estamos aqui discutindo o futuro, mas não podemos nos esquecer do passado obscuro, nefasto, irresponsável do Governo anterior contra a Nação brasileira.
Nós estamos aqui a discutir e mostrar responsabilidade com o futuro — um futuro de compromisso, um futuro de coragem, como tem tido o Presidente Michel Temer ao apresentar as reformas que são essenciais para o País. Porque este não é um Governo que pensa na eleição de amanhã, mas pensa no amanhã, pensa nas gerações futuras, que precisa de um governante que tenha coragem para poder implementar a reforma do ensino médio, a reforma trabalhista, a reforma tributária — e tenho certeza que nós vamos implementá-las muito em breve.
Este é um Governo que pensa nas gerações futuras, mas, acima de tudo, é do homem que tem o espírito dos grandes estadistas deste País, dos grandes homens de responsabilidade da história do Brasil, como Michel Temer.
Sras. e Srs. Deputados, tenho certeza de que nós estamos construindo esse futuro. Nós temos aqui os dados estatísticos da economia que mostram o crescimento e comprovam que nós estamos no caminho certo. Afinal de contas, os dados mostram exatamente isso. 
Entre abril e maio de 2017, o Governo criou mais de 100 postos de emprego com carteira assinada. É o primeiro aumento do emprego formal em 22 meses.
Os depósitos superaram os saques na caderneta de poupança em 6,08 bilhões.
A exportação comercial brasileira registrou, em março de 2017, um superávit de 7,66 bilhões de dólares. Coisa que não víamos nos últimos anos, Deputado Edmar Arruda.
Nós temos aqui uma inflação que está controlada. Recebemos uma herança maldita do Governo anterior, uma inflação de quase 11%, pela política econômica incompetente e corrupta do Governo anterior. A inflação hoje está controlada na casa dos 4%.
Nós esperamos um superávit da balança comercial de 59,5 bilhões de reais em 2017. E o PIB cresceu 1% no primeiro trimestre.
Então, exatamente por tudo isso, eu tenho a certeza de que, num ato de responsabilidade e compromisso com o País, e por todos nós aqui que termos o espírito dos bons homens públicos e das mulheres de eponsabilidade, vamos dar um voto consciente, com a liberdade da consciência, mas, acima de tudo, um voto que reflete a vida das pessoas e do povo brasileiro.
Um voto, acima de tudo, com o Relator Deputado Paulo Abi-Ackel, do PSDB. Um voto responsável, de um jurista competente. Um voto daqueles que certamente querem que o País continue no gráfico do crescimento, da responsabilidade e da estabilidade econômica. 
Que nós possamos, como diz o Presidente Michel Temer, devolver aos brasileiros os mais de 14 milhões de empregos perdidos dos homens de bem do Brasil, por culpa do Governo anterior, para que continuemos a fazer a política do bem para vencer aqueles que só querem prejudicar o País, pensando nas eleições de 2018. 
Aqueles que pensam no mal do Brasil querem que tenhamos aqui tanto instabilidade política quanto instabilidade econômica. É exatamente por isso um Governo responsável, um Governo que não compra o voto de ninguém, que cumpre o que está determinado no orçamento impositivo.
Nós encaminhamos, em nome da bancada do PSC, o voto ""sim"", o voto responsável, mas o voto, acima de tudo, com o Relator Deputado Paulo Abi-Ackel.",651
Arnaldo Jordy,PPS,PA,Não,"Sr. Presidente, Sras. e Srs. Deputados, toda a atenção do Brasil hoje está voltada para esta Casa com a decisão que haveremos de, daqui a pouco, tomar sobre um fato inédito na história do Brasil: a denúncia de prática de corrupção passiva contra um Presidente da República em exercício. 
Essa é a primeira vez que na história da República brasileira acontece denúncia de tal gravidade. E felizmente nós vivemos um momento de certa intolerância da sociedade brasileira à corrupção, que desvia por ano 220 bilhões de reais de contas públicas para contas privadas, fato agora revelado pela Lava-Jato neste condomínio político empresarial que saqueia o Brasil. Felizmente as pesquisas mostram essa intolerância à corrupção. 
Essa é a nossa saudação à Operação Lava-Jato, que está ajudando a passar a limpo o Brasil, enfrentando de forma estrutural a corrupção e a impunidade. E a bancada do PPS não poderia adotar outro procedimento, dada esta gravidade, senão votar contra o relatório. Portanto, a nossa posição é favorável à autorização da investigação. 
Essa é uma decisão quase unânime da bancada, e respeitaremos os votos divergentes de acordo com as suas consciências. E a posição quase unânime da bancada — repito — é pela autorização, aliás, correspondendo a uma postura adotada em outros episódios, como foi no caso do impeachmentda Presidente Dilma, no caso do afastamento do Presidente desta Casa, o Eduardo Cunha. Portanto, a nossa posição é muito clara em relação a isso. 
Aliás, nós, que votamos a favor do impeachment da Presidente Dilma, tendo em vista a falência macroeconômica do Brasil, com mais de 13 milhões de desempregos, os crimes praticados contra a Constituição da República brasileira — e nela foi previsto o seu afastamento, de acordo com o estabelecido na Carta Magna brasileira —, os casos de corrupção que acabaram, dentre outras coisas, falindo a maior empresa, a maior estatal brasileira, a PETROBRAS, hoje foi revelado com constrangimento para a maioria dos homens e cidadãos de bem. 
A denúncia é grave. Não adianta querer minimizar a gravidade da denúncia. O próprio Presidente Temer, há meses, quando oito dos seus Ministros estavam investigados pela Operação Lava-Jato, declarou, em alto e bom som, que qualquer um deles que fosse denunciado, que estivesse na condição de denunciado, ele o afastaria imediatamente para poder responder pelas acusações que lhe imputassem. Portanto, o Presidente Temer entra em contradição quando não faz isso em relação a si mesmo. Aliás, é muito mais grave, porque se trata do mandatário maior da República brasileira, do País. Portanto, a nossa posição é favorável a essa investigação. 
Alguns dizem que não vale a pena ou tentam minimizar esse afastamento. Aliás, não é julgamento que acontece nesta Casa. Nós estamos apenas autorizando o Supremo Tribunal Federal, a suprema Corte do Brasil a aprofundar a investigação, baseada nas denúncias, repito, que são muito graves. 
Não pode um Presidente participar da tentativa de calar um preso da Lava-Jato, um preso de justiça, o ex-Presidente desta Casa, o Deputado Eduardo Cunha, como ficou revelado. Se a mala estava destinada ou não, o Supremo vai investigar para saber qual é o grau de envolvimento. Mas as denúncias são de extrema gravidade.
Portanto, nós não sabemos qual será o resultado desta votação. Lamentamos o procedimento da oferta de generosidades que foram praticadas. Aliás, generosidades com liberação de emendas e recursos do mesmo jeito que foi feito na época do impeachment da Presidente Dilma. Do mesmo jeito.
Aliás, talvez no impeachment, mais do que está sendo divulgado pela imprensa hoje, foram mais de 3 bilhões e 600 milhões de reais.
Portanto, essa é a posição do PPS. Nós esperamos que esta Casa possa responder à ampla maioria da sociedade brasileira, que espera que o Presidente seja investigado, no sentido da recuperação da nossa economia e do desenvolvimento do Brasil.
Muito obrigado, Sr. Presidente.",631
Pastor Eurico,PHS,PE,Não,"Sr. Presidente, gostaria, em primeiro lugar, de saudar V.Exa. e parabenizá-lo pela forma como tem conduzido os trabalhos nesta Casa.
O PHS, nesta oportunidade, vem colocar a público a sua posição. Como também ocorreu no impeachment, respeitamos uma posição contrária dentro do partido, mas temos uma posição da maioria. Somos sete Deputados e seis votam de uma forma igual.
Vale salientar, Sr. Presidente, que é muito fácil falar contra o Presidente Temer agora, como está sendo feito. Não estamos aqui para defendê-lo, até porque já se sabe que o nosso voto é pela investigação, mas, no entanto, parece que alguns esqueceram que os irmãos metralha que fizeram as denúncias também citaram o repasse de milhões e milhões de reais para o Governo que estava no poder na época.
De repente parece que só existe um culpado. Na verdade, há um montão de pessoas envolvidas, e, com certeza, há muita gente temendo investigação.
É bem verdade que hoje aqui o alvo principal éexatamente a pessoa do Presidente Temer. O PHS tem defendido a investigação concernente à corrupção. Não é porque alguns sinais positivos estão sendo comprovadamente dados nessa gestão que nós vamos ficar contra a investigação. Nós somos a favor da investigação, até porque partimos do princípio de que quem não deve não Temer. A pergunta ficaria para o Presidente Temer: se o Presidente Temer não deve, por que temer uma investigação?
Na verdade nós estamos aqui para defender um Brasil limpo, um Brasil sério. Se o Presidente realmente não deve, ele vai ter a oportunidade de se defender. É claro que não estamos aqui julgando, mas colocando uma posição, que, por incrível que pareça, embora muitos neguem, é a visão deste Brasil, independentemente de partido A, B ou C. A população brasileira não aguenta mais tantas denúncias de corrupção. E fazemos coro aqui com aqueles que não fazem diferenciação de partidos, até porque, se o nosso partido estivesse sendo citado nesse antro de corrupção, nós estaríamos também defendendo a investigação do nosso partido e de membros dele. Essa seria a nossa posição.
Portanto, Sr. Presidente, a posição do PHS éde rejeitar esse relatório. E votamos sim pela investigação, para que o Presidente possa responder, possa se defender e possa provar para a Nação que é inocente. Se ele for inocente, teránossos aplausos. Vamos continuar trabalhando pelo Brasil.
Essa é a posição do PHS, como disse, respeitando um dos companheiros que vota contrariamente. 
Parabéns àqueles que estão lutando aqui em defesa do bem da sociedade brasileira, do bem do Brasil. E vamos juntos defender a nossa Pátria.",426
Leandre,PV,PR,Liberada,"Estamos vivendo novamente um momento que coloca àprova os valores morais da classe política brasileira e a eficiência de todo um sistema de governo.
Diante de tantos casos de corrupção, desvios, lavagem de dinheiro, formação de quadrilha e compra de apoio, envolvendo tantos partidos políticos, o povo tem tido dificuldade de separar o bom político do mau político, impactando diretamente a esperança da democracia. 
E um dos principais responsáveis pelo sentimento de descrédito na política é a forma como vem sendo exercido o sistema presidencialista, com uma concentração excessiva de poder nas mãos de uma única pessoa, o que vem demonstrando extremo prejuízo à democracia, porque com o desejo de coalização acontecem as barganhas. É na cobiça pelo poder que se fazem tratativas secretas, ou seja, tudo vira um balcão de negócio. Assim, ficamos reféns de um governante reinando absoluto durante 4 anos, errando ou acertando. 
E é na necessidade de uma eventual intervenção que vemos um processo traumático que causa prejuízos imensuráveis para o nosso País.
A democracia brasileira não pode ficar refém de crises políticas cíclicas. Por isso, no atual quadro, a adoção de um novo sistema de governo é o tema fundamental, Sr. Presidente, que devemos, urgentemente, enfrentar aqui nesta Casa.
Mas é o presidencialismo que opera aqui. Não pode existir, então, a mínima dúvida sobre a conduta daquele que ocupa o assento do Palácio do Planalto. No entanto, temos aqui uma denúncia contra o Presidente da República. E ésobre a autorização de investigá-lo durante o exercício do mandato que teremos que decidir.
A denúncia existe e é irreversível. Portanto, agora ou depois, o Presidente da República deverá responder às denúncias pelas quais é acusado. Mas cabe à Justiça investigá-las, apurá-las e condená-lo.
Ouço, preocupada, aqui neste plenário, aqueles que o defendem dizerem já que temos a certeza de que um dia ele seráinvestigado, vamos deixar isso para depois, vamos deixar lá para 2019.
Aí, uma pergunta não quer calar e tem que ser respondida. Se isso que está acontecendo no nosso País acontecesse na nossa casa ou na nossa empresa, seria esse o nosso comportamento? Teríamos a mesma tolerância?
Sejamos honestos. Nos nossos interesses pessoais, não cabe espaço nenhum para dúvida por um simples motivo: a falta de confiança desestabiliza qualquer relação.
Por isso, devemos praticar os valores que pregamos. Como posso agir de uma forma naquilo que diz respeito aos meus interesses pessoais e de outra naquilo que diz respeito aos interesses coletivos, sabendo que nestes estão os interesses daqueles que me deram o poder de representá-los?
Se o fato de o Presidente ser investigado vai piorar ou não a situação do País não temos como prever. Mas não tenho dúvidas de que, se há suspeitas, indícios, é necessário sim que se investigue, ainda que eu não aprove o modo como tudo isso aconteceu e os benefícios que foram concedidos aos delatores criminosos.
Esse modelo também tem que ser revisto. Na condição de Líder da Bancada do Partido Verde, asseguro a liberdade de cada parlamentar votar de acordo com a sua consciência. A bancada está liberada.
O Brasil precisa ser passado a limpo. Precisamos construir um país ético e transparente. Eu sou a favor do prosseguimento da denúncia, pois não aceito conviver com a ausência da apuração total de fatos tão perniciosos, que impactam diretamente na vida de cada um de nós, cidadãos e cidadãs brasileiros.
Era isso, Sr. Presidente. Muito obrigada.",567
Glauber Braga,PSOL,RJ,Não,"Sr. Presidente, eu estou aqui, neste momento, com a bancada do PSOL: a Deputada Luiza Erundina, o Deputado Edmilson Rodrigues, o Deputado Chico Alencar, o Deputado Jean Wyllys e o Deputado Ivan Valente, e peço que seja acrescentado à orientação o tempo de Liderança.
Hoje, neste plenário, houve resistência, porque parte da base do Governo queria blindar o Sr. Michel Temer e blindar a sua tropa de choque, fazendo com que esta votação não acontecesse ànoite ou em um momento em que os brasileiros trabalhadores pudessem acompanhá-la. Esse foi o motivo da nossa obstrução durante o dia. 
Nós, logicamente, votamos para que o Sr. Michel Temer seja afastado da Presidência da República. A denúncia tem elementos contundentes. Ela é gravíssima. E, por isso, nós rejeitamos com veemência o parecer do Deputado do PSDB que quer livrar o Sr. Michel Temer da apuração e, necessariamente, do julgamento.
Mas nós aqui também fazemos questão de dizer que este Governo não tem qualquer legitimidade. O Sr. Temer está sentado numa cadeira que não dá a ele a possibilidade — porque legitimidade não tem — de retirardireitos dos trabalhadores e das trabalhadoras do Brasil. Este é um Governo que diz que tem que fazer uma reforma da Previdência, mas, ao mesmo tempo, no dia de ontem, demonstrando completo descaramento, reuniu-se com a bancada do latifúndiopara renegociar as dívidas previdenciárias desses que são Deputados Federais e Senadores que representam a tropa de choque do Sr. Temer neste Plenário.
Este Governo quer retirar dos brasileiros o direito a um trabalho digno, fazendo o que fez com a reforma trabalhista, que é um verdadeiro desmonte da CLT. Este Governo quer — e já faz isso — fazer com que o Brasil, neste exato momento, se coloque numa posição de subordinação, entregando para interesses que não são os da população brasileira as riquezas da Nação.
Deputadas e Deputados, hoje o Brasil vai estar olhando para os senhores, e aqueles que defenderem o Sr. Michel Temer vão ser cúmplices da mala de dinheiro que foi carregada pelo Sr. Rocha Loures. 
Quero saber qual é o Deputado Federal que vai chegar ao seu Município, ao seu Estado e dizer que nada aconteceu. 
Nós votamos sim à denúncia contra o Sr. Michel Temer. Por isso, votamos não ao parecer, que é uma forma de blindagem. Nós votamos não a essa máfia que tomou conta do Brasil.
Fora, Temer! Diretas já!",395
Miro Teixeira,REDE,RJ,Não,"Sr. Presidente, todas as Sras. Deputadas e todos os Srs. Deputados que chegaram aqui já chegaram sabendo como iriam votar. Porém tivemos um longo rosário de discursos brilhantes de vários Parlamentares, mais o de um não Parlamentar, que foi a sustentação do advogado Mariz de Oliveira, que recebe aqui as homenagens que são devidas aos advogados, mesmo quando as causas são impossíveis, quando as causas são inglórias.
O que acontece hoje aqui, nesta sessão, é que já sabemos o resultado. Mas nós sabemos o resultado do plenário, da votação que será feita ali, no microfone, pelos Deputados. Mas esta não é uma sessão de votação com um resultado. Esta é uma sessão de muitos resultados. O primeiro será conhecido hoje à noite e talvez seja comemorado com os papéis jogados para o alto, mas amanhã a realidade jáestará percebida pelo povo. Na verdade, lamento dizer que o Deputado Michel Temer, que presidiu esta Casa, que foi nosso colega, perdeu a confiança da população.
Hoje o que nós estamos votando é um procedimento para que o Supremo diga se recebe ou não a denúncia. Homenagens ao Dr. Janot, que fez uma denúncia enxuta, precisa, cheia de mídias, com todos os fatos. Eu aqui a tenho. 
Eu ouvi poucas referências à denúncia, eu ouvi poucas referencias à defesa, mas, em homenagem até à Profa. Ada Pellegrini, que foi citada pelo grande Antonio Cláudio Mariz de Oliveira, ali da tribuna, e que deu um parecer em favor de Michel Temer, tomo para mim as palavras finais do seu parecer, quando ela diz: Tudo está ainda por provar. Isso tem duas leituras, e eu uso para aquilo que eu desejo: que todas as verdades desses inquéritos sejam provadas, e os criminosos, punidos. 
A REDE diz não ao parecer que será votado no plenário e sim à denúncia do Procurador Janot. 
Obrigado.",307
Junior Marreca,PEN,MA,Sim,"Sr. Presidente, Sras. e Srs. Deputados, nós percebemos o quanto a política é dinâmica. Eu estou vendo o PT e o PSDB juntos numa eleição. Isso é histórico, Líder Agnaldo. Isso é histórico.
Eu quero aqui ressaltar o trabalho de V.Exa., Presidente, que soube conduzir esta votação com muita coerência, com muita determinação, com imparcialidade e com lealdade aos seus pares e à Câmara, que V.Exa. representa. Meus parabéns!
Eu quero dizer ao Brasil que nós não estamos aqui escolhendo o Presidente da República, porque eu sou democrático e o que eu queria mesmo era ir às urnas com o povo brasileiro para escolher o nosso Presidente da República. Esse é o meu pensamento. Nós estamos diante de uma votação que pode tirar um Presidente da República. E nós não estamos pensando, Srs. Deputados, no povo brasileiro, nós não estamos pensando no número de desempregados que temos aí, nós não estamos pensando na vida desse povo sofrido que passa necessidade por este Brasil afora.
Nós precisamos ter essa coerência. Nós não podemos ser irresponsáveis e ficarbrincando de trocar Presidente da República. Nós podemoster pontos de vista divergentes, mas temos que ter responsabilidade com a coisa pública e com o País.
Eu estou aqui fechado com o meu partido, o PEN, para votar a favor do parecer do Deputado do PSDB, votar sim ao relatório, porque nós queremos que o Brasil volte a crescer, nós queremos que o povo brasileiro volte a ter emprego, nós queremos que o Brasil seja desenvolvido e saia dessa penúria e dessa crise profunda que atravessa. 
Muito obrigado, Sr. Presidente.",264
Weliton Prado,PMB,MG,Não,"Sr. Presidente, o PMB étotalmente contra o parecer da CCJ; o PMB é favorável à continuidade do processo de investigação pelo Supremo Tribunal Federal. As denúncias são seriíssimas, são muito graves. E é isso que a população quer. De cada dez cidadãos brasileiros, de cada dez pessoas, pelo menos oito querem que esta Casa haja da mesma maneira que agiu em relação ao processo da ex-Presidenta Dilma, que esta Casa haja com isonomia, com coerência. Esse é o sentimento das ruas, esse é o sentimento do povo. 
Nós não podemos de maneira nenhuma passar outra imagem para a sociedade, porque esta Casa já está muito desgastada. Eu viajei, percorri grande número dos Municípios mineiros, e esse é sentimento do povo.
Aliás, eu fui o primeiro aqui, há mais de 1 ano, a dizer que o Presidente Temer não tinha condição de governar o País. E disse também que a única forma de pacificar o País era com eleições diretas e uma Assembleia Constituinte exclusiva para fazer a reforma política.
Votei contra o ajuste fiscal feito pelo ex-Ministro Joaquim Levy e votei contra, neste Governo agora, à proposta de terceirização.
Esperamos que o Governo saia hoje e que nós não tenhamos que nos posicionar e votar contra a reforma da Previdência.
Eu não tinha nenhum cargo no Governo antes e não tenho nenhum cargo no Governo agora.
O posicionamento do PMB é pela aceitação da denúncia, para que o Supremo Tribunal Federal possa investigá-la.
Não ao Temer! Não à reforma da Previdência, em defesa do povo brasileiro, em defesa da isonomia!
Da mesma maneira que se tratou o Governo anterior, que se trate este Governo agora. Esse é o recado que tem que ser dado pelos Parlamentares desta Casa.",288
Jandira Feghali,MINORIA,RJ,Não,"Sr. Presidente, em nome da Minoria, quero fazer um apelo a este Parlamento. Este aqui é o Parlamento brasileiro, que hoje discute uma denúncia que envolve cenas que foram mostradas à exaustão à sociedade brasileira: malas cheias de dinheiro; voz de Temer se acumpliciando com a compra do silêncio de Eduardo Cunha; uso de dinheiro público para comprar o Parlamento brasileiro. Esta é a imagem que fica: a de um Parlamento que se acocora diante de dinheiro e cargos. Eos Deputados que aqui votarem com Temer serão cúmplices dos crimes. É assim que fica para o povo brasileiro.
Este é um Parlamento que se submete à pressão do dinheiro e dos cargos, mas não se submete à vontade popular. Aqui hoje vai ficar claro que este é um Governo que rouba o Brasil, rouba direitos, rouba riquezas estratégicas e que quer também roubar a perspectiva de futuro e os sonhos. Mas o povo brasileiro é guerreiro, é renitente, e novas denúncias virão. O mapeamento hoje vai ficar claro, e nós vamos lutar até a vitória. 
Não tenham dúvida de que este processo não acaba aqui. Uma vitória numérica hoje deste Governo é a derrota na política, é o distanciamento entre o povo e este Parlamento. Mas nós sabemos que a boa política existe, e ela prevalecerá. Se não for hoje, será daqui a pouco. Eu tenho certeza de que V.Exas. andarão pelas ruas, e a pressão virá. E eu tenho certeza de que, na próxima votação, a vitória se dará, e a democracia vencerá.
A Minoria vota não ao parecer, sim à investigação e sim à democracia. 
Muito obrigada.

",269
Aguinaldo Ribeiro,GOVERNO-PP,PB,Sim,"O tempo de Líder por gentileza, Sr. Presidente.
Sr. Presidente, quero inicialmente fazer aqui o reconhecimento da condução de V.Exa. durante todo esse processo. A condução de V.Exa. foi irrepreensível, como magistrado que dignificou ainda mais esta Casa. Eu não poderia deixar de fazer este registro ao Presidente Rodrigo Maia.
Gostaria também de me congratular com o Dr. Cláudio Mariz pela defesa apresentada no início desta sessão, demonstrando de forma cabal a fragilidade daquilo que nós estamos discutindo e debatendo no dia de hoje.
Caros Parlamentares, como Líder do Governo, obviamente apoio integralmente o parecer, aliás, muito bem elaborado pelo eminente Deputado Paulo Abi-Ackel, que não poderia negar as suas origens e aqui também dignifica Minas Gerais, este Parlamento e o PSDB.
Sr. Presidente, só esse parecer que foi aprovado com ampla maioria na Comissão de Constituição e Justiça não é o motivo da minha convicção. Eu também tenho uma convicção pessoal em cima do que foi colocado e do que está proposto, como cidadão e como representante, sim, do povo do meu Estado.
Não vejo e não vi a fumaça do bom direito na propositura do afastamento afoito e premeditado de um Presidente da República, com base nos indícios frágeis ora apresentados.
Nós estamos vivendo um momento no Brasil em que virou quase que brincadeira mexer com a honra das pessoas. Não se mexe com a honra de quem quer que seja sem que exista prova concreta. Chega de ilação! Nós não podemos viver isso neste País. É isso que nós estamos hoje enfrentando. Essa questão não trata só de um seguimento de uma denúncia, mas trata, sim, de um afastamento de um Presidente da República, de Michel Temer.
Eu tenho a firme percepção, Sr. Presidente, de que esta sessão de hoje é um capítulo que entrará na história por um motivo mais profundo e muito mais importante. Daqui a décadas e décadas, quando os historiadores se debruçarem sobre este momento da vida nacional, todos nós aqui seremos pequenos traços esquecidos pelo tempo. A denúncia contra o Presidente perderá a estridência que provoca nos seus contemporâneos e será uma peça sem grandes reverberações. 
Esta sessão será lembrada por algo que transcende às diferenças entre Situação e Oposição, entre as paixões que nos dividem. Esta sessão entrará para a história por algo muito mais importante do que o mérito específico da votação de hoje. Estaremos aqui hoje reafirmando a vitalidade da nossa democracia.
A caminho deste plenário, meus caros Deputados, nesta manhã, deparei-me com algumas pichações contra o Governo e contra o Presidente. Lembrei-me de que não faz muito tempo em nosso País convivia-se não com a liberdade de pichar governantes, mas com pichações de heróis anônimos, que colocavam a vida em risco para clamar pela liberdade de escolher governos. Eles pichavam contra a ditadura e pediam democracia. 
Eis que vivemos o regime da Nova República, uma democracia que se vem consolidando há 32 anos. Nesse período enfrentamos inúmeros desafios para que pudéssemos preservar o nosso direito àliberdade. Como fizemos isso? Depois de 20 anos de arbítrio, vimo-nos diante da circunstância terrível de termos de afastar o primeiro Presidente eleito pelo voto popular através de um impeachment apenas 2 anos depois da primeira eleição direta. 
O Brasil fez isso através de suas instituições. Ao fazê-lo, mostrou ao mundo que sua incipiente democracia era capaz de enfrentar turbulências e superá-las absolutamente dentro dos marcos legais. Mostramos ao mundo que por maiores que fossem nossas dificuldades internas éramos capazes de conduzi-las com previsibilidade.
Esse é um dado crucial para uma Nação que também é uma das maiores economias do nosso planeta. Aqui se respeitam as regras preestabelecidas. Esse ambiente emana credibilidade para investidores que queiram apostar no futuro do nosso País.
Outro exemplo notável de superação da nossa democracia ocorreu com o Plano Real. 
A hiperinflação, um problema aparentemente insolúvel, foi equacionada de maneira engenhosa, sem quebra de contrato, sem confisco, sem ferir direitos. O Brasil corrigiu um dos seus problemas estruturais sem cair na tentação de artificialismos ou precipitações.
Com a eleição do primeiro operário Presidente, muitos duvidaram se o Brasil iria honrar seus acordos internacionais. Pois bem! Foi esse Presidente que, durante o seu governo, não apenas honrou todos os compromissos assumidos pelo Estado brasileiro, mas também teve a oportunidade histórica de quitar a dívida externa, graças à bonança da economia daqueles idos. 
Hoje o Brasil avançou e está retomando o seu rumo. O atual Governo tem tomado as medidas necessárias para a recuperação econômica do País. Aprovamos aqui a recuperação, a terceirização, a reforma trabalhista. Os juros estão em queda. Estamos fazendo o que é necessário. Há o reconhecimento de que estamos no caminho certo. 
A nossa democracia hoje se vê abalada, meus amigos, pela maior crise política de sua história. Denúncias de todo tipo e revelações das mais graves minaram a confiança da população em seus representantes. Num quadro assim, era natural que ocorresse uma hipertrofia dos poderes de investigação, sobretudo das instituições do Judiciário, do Ministério Público, da Polícia Federal, afinal esses agentes do Estado foram superdemandados para darem resposta ao volume inédito de revelações que nausearam e que ainda nauseiam os cidadãos brasileiros. 
É aqui que quero apontar a importância histórica desta sessão, que vai muito além da denúncia contra o Presidente Michel Temer. A nossa democracia éforte, porque demonstrou, ao longo desses anos, ser capaz de exercer o sistema de pesos e contrapesos para se autorregular. E fez isso seguindo os ritos, cumprindo as normas e obedecendo à Constituição. Ela é sólida, porque não se deixa levar pelas tentações de soluções impulsivas, que desfiguram nosso arcabouço legal.
Cabe, sim, ao Judiciário e ao Ministério Público — e ainda bem que lhes cabe — exercer o controle e conter os excessos de outros Poderes, inclusive quando esses excessos descambem para a vergonha da corrupção. Ao fazerem isso, estão cumprindo a sua missão e contribuindo para o fortalecimento da nossa democracia. Mas cabe ao Congresso, sim, e caberá sempre, exercer o controle e conter os excessos que queiram empurrar o País para o arbítrio. Sim, esta é a Casa do Povo. A Câmara dos Deputados é a Casa do Povo, e ela deve zelar para que o arbítrio, mesmo que bem intencionado, não tenha espaço entre nós. Toda vez que o arbítrio venceu, o Congresso saiu derrotado, e a democracia, ferida de morte.
Hoje aqui estamos fazendo muito mais do que examinar um parecer. Estamos praticando o mais perfeito jogo da democracia, fazendo com que o sistema de contrapesos institucionais não permita que uma hipertrofia momentânea de setores do Estado descambe para o desequilíbrio da nossa República. 
Esta Casa, em outros momentos, já pagou caro por se contrapor ao arbítrio, mas errados estavam aqueles que a subjugaram. Nossa democracia vem se consolidando ao longo das últimas décadas, porque foi capaz de enfrentar seus desafios sem cair na tentação dos salvadores da Pátria, das salvações milagrosas. Preferiu, ao contrário, o árduo mister de avançar passo a passo em vez de ouvir os sedutores convites de dar salto no escuro.
Uma democracia não segue pessoas, nem vontades ou caprichos pessoais, porque, quando ela o faz, passa a seguir um ditador. Uma democracia segue apenas a Constituição, éescrava dela. Hoje aqui estamos reafirmando a seiva da nossa democracia.
Por isso, Sr. Presidente, vamos votar sim ao parecer, sim à democracia brasileira.",1219
Lelo Coimbra,MAIORIA-PMDB,ES,Sim,"Sr. Presidente, inicialmente eu queria parabenizá-lo pela condução deste processo.
Quero dizer que, ao longo desses 14 meses, o Governo buscou recuperar a economia recebida em frangalhos, com 14 milhões de desempregados, sem condições de seguir adiante. Ao longo desses 14 meses, o trabalho feito foi muito intenso, muito importante, reunindo o povo brasileiro e este Parlamento.
Dessa forma, nós não podemos jogar o País na incerteza, num ambiente onde não consigamos fortalecer a economia e as nossas instituiçõespara que, no ano que vem, tenhamos um Brasil capaz, restaurado na sua economia e que, ao limite das nossas atividades e das nossas ações, possa oferecer ao povo brasileiro um bom momento para debater o futuro.
Dessa forma, encaminhamos o voto sim ao relatório feito pelo Deputado Paulo Abi-Ackel.",128